Green Area,Green Lat,Green Long
Bukit Timah Nature Reserve,1.35443054655389,103.778073451976
Central Catchment Nature Reserve,1.38303981189267,103.801705234973
Sungei Buloh Wetland Reserve,1.44563435178736,103.724083681889
Labrador Nature Reserve,1.26600479004724,103.802314870313
Kent Ridge Park,1.28502800039386,103.789363178448
Kranji Coastal Nature Park,1.44135762764844,103.735540141034
Mount Faber Park,1.27511611428167,103.818434543524
Sungei Cina,1.45048918480224,103.777439533685
Telok Blangah Hill Park,1.27884536251889,103.810545068207
Admiralty Park,1.45458692710995,103.796930546048
Ang Mo Kio Town Garden East,1.37069218596975,103.850477038504
Ang Mo Kio Town Garden West,1.37416758787361,103.842948749695
Bedok Town Park,1.33439933330273,103.922348727352
Bishan-Ang Mo Kio Park,1.36517069591469,103.83629822663
Bukit Batok Nature Park,1.35014010737608,103.764197119297
Bukit Batok Town Park,1.35757852997096,103.755726890477
Changi Beach Park,1.38272907017716,104.001981729276
Choa Chu Kang Park,1.39223164013969,103.748795195997
Clementi Woods Park,1.29982839456282,103.767556045102
Coney Island Park,1.40883093233134,103.922617218378
Dairy Farm Nature Park,1.36268799490851,103.774086668962
Dhoby Ghaut Green,1.29818382483564,103.846504124905
East Coast Park,1.31437722055937,103.923309939011
Esplanade Park,1.28948782949149,103.853662660788
Fort Canning Park,1.292516286813,103.847681827019
Gardens by the Bay,1.28458858866312,103.864656599639
Hindhede Nature Park,1.35014318415394,103.775983492665
Hong Lim Park,1.28663926271907,103.846577619728
HortPark,1.27899800643003,103.801124442502
Istana Park,1.29927539926482,103.843876655353
Japanese Cemetery Park,1.36533190594059,103.876969717095
Jurong Lake Gardens,1.33935956208673,103.727299462043
Jurong Central Park,1.33811079624888,103.707922017766
Kallang Riverside Park,1.30722998960615,103.868325680607
Kranji Marshes,1.41911053100165,103.729255870894
Kranji Reservoir Park,1.43835306314103,103.742655060396
Lower Seletar Reservoir Park,1.40964971263737,103.831194690909
MacRitchie Reservoir Park,1.34152301286138,103.833590421997
Marsiling Park,1.44409611193974,103.774234537803
Mount Emily Park,1.30445083391675,103.847639912997
One-north Park,1.30305352580179,103.790773072366
Pasir Ris Park,1.36770337259145,103.961960581594
Pasir Ris Town Park,1.37151869270261,103.952449159325
Pearl's Hill City Park,1.28451929408639,103.838651770829
Punggol Park,1.41158455562454,103.89890448429
Punggol Point Park,1.41784530044863,103.912779013704
Punggol Waterway Park,1.41099730594977,103.904814837855
Rifle Range Nature Park,1.34598384841455,103.784016839209
Sembawang Park,1.46136162651168,103.836500475111
Sengkang Riverside Park,1.39950318947743,103.884236800325
Singapore Botanic Gardens,1.31347941910133,103.813180039922
Sun Plaza Park,1.35888549053265,103.94371665055
Tampines Eco Green,1.36377757605703,103.948183299896
Tanjong Pagar Park,1.27656099825193,103.846320994884
The Southern Ridges,1.27822982521405,103.81114727366
Tiong Bahru Park,1.28738402062473,103.824695370614
Toa Payoh Town Park,1.33755124683996,103.845752775741
Upper Peirce Reservoir Park,1.37220940699436,103.812670541882
Upper Seletar Reservoir,1.40097860385046,103.806600025953
War Memorial Park,1.29283668627998,103.854823512628
West Coast Park,1.29671519967862,103.762725076032
Woodlands Waterfront Park,1.45380370281178,103.781617546
